{
  "task": "Road sign segmentation single-class",
  "model": "yolo11n-seg",
  "hyperparams": {
    "imgsz": 640,
    "batch": 48,
    "epochs": 30,
    "mosaic": 0,
    "mixup": 0,
    "poly_points": 40
  },
  "inference_params": {
    "imgsz": 1280,
    "conf": 0.2,
    "iou": 0.3,
    "retina_masks": true
  },
  "best_model": "rrs_seg",
  "best_checkpoint": "rrs_seg_best.pt",
  "eval_metrics": {
    "rrs_seg": {
      "box_mAP50": 0.8689131424604155,
      "box_mAP50_95": 0.586466242919509,
      "mask_mAP50": 0.8153846147394733,
      "mask_mAP50_95": 0.40556159190006635,
      "box_precision": 0.9035305125262322,
      "box_recall": 0.749279303322868,
      "mean_per_image_IoU": 0.6654725012884378,
      "mean_per_image_Precision": 0.7834298186983097,
      "mean_per_image_Recall": 0.8283861461011661,
      "mean_L2": 0.05288821321408084,
      "frac_IoU_ge_0.5": 0.7559055118110236,
      "frac_IoU_ge_0.75": 0.5118110236220472,
      "frac_IoU_ge_0.9": 0.031496062992125984
    }
  }
}