{
  "task": "SVHN number detection single-class merged-bbox",
  "model": "yolov8n",
  "hyperparams": {
    "svhn_imgsz": 416,
    "svhn_epochs": 30,
    "nd_imgsz": 640,
    "nd_epochs": 50,
    "batch": 96,
    "mosaic": 0,
    "mixup": 0
  },
  "best_model": "with_pretrain",
  "best_checkpoint": "yolov8n_with_pretrain_best.pt",
  "eval_metrics": {
    "baseline": {
      "mAP50": 0.8735777221524819,
      "mAP50_95": 0.4579374317942994,
      "precision": 0.8103214439722264,
      "recall": 0.8639563969617633
    },
    "with_pretrain": {
      "mAP50": 0.8836419150139629,
      "mAP50_95": 0.4698236517282715,
      "precision": 0.8313634893848468,
      "recall": 0.8436724565756824
    }
  }
}