{"epoch": [1, 2, 3, 4, 5, 6, 7, 8, 9, 10, 11, 12, 13, 14, 15, 16, 17, 18, 19, 20, 21, 22, 23, 24, 25, 26, 27, 28, 29, 30], "train_loss": [1.588045545958841, 1.4614034576702066, 1.4229144496656438, 1.4112285139993948, 1.3915028316763827, 1.3766684084292302, 1.363615254933848, 1.3534622135787393, 1.3423706128344544, 1.3389559043484955, 1.3370059890153794, 1.3157947937837424, 1.3084436089224951, 1.2999367435325326, 1.310654533967501, 1.3010500483856264, 1.2849882331975773, 1.2751870300557915, 1.2751325215178564, 1.2690565180097026, 1.2652177383679724, 1.26379252377823, 1.261469996841586, 1.2565009213094172, 1.2521664064779285, 1.2489982602705885, 1.2525100943474368, 1.2431538368988353, 1.2432578892441604, 1.2512798321775818], "train_acc": [0.4299531452872439, 0.47063583162410855, 0.4829987016163935, 0.4852379429087556, 0.4953427544549611, 0.5006115574958132, 0.503001336017914, 0.5081196018290274, 0.5122593756468397, 0.518055058991777, 0.5144797997854844, 0.52183730688896, 0.5236625707995408, 0.5284985793048943, 0.5228910674971304, 0.5260711664753589, 0.5292136311461528, 0.5369098470165403, 0.5358184521009353, 0.5397888715352915, 0.5391490883089024, 0.5400146773798995, 0.5437216566622133, 0.545942080800858, 0.543646388047344, 0.5443049884274505, 0.5418587584441977, 0.550345294770713, 0.5466759497958339, 0.5436840223547786], "val_loss": [1.4865426163467486, 1.5685292499939534, 1.484748658156819, 1.4860763925904443, 1.486319711307264, 1.4673926526666394, 1.441994125513986, 1.4807405193814982, 1.4496477481977703, 1.4680952286942341, 1.408908605636125, 1.4285270722411023, 1.4079534184014162, 1.438462236511011, 1.4210962100921294, 1.4387802473677103, 1.4260218917263654, 1.4338911479656016, 1.4100160759652094, 1.391221780114816, 1.4075294540051582, 1.3966579351053714, 1.3925679232082964, 1.3904175372975647, 1.3979670229652592, 1.380133346094104, 1.3875490038602862, 1.396574108566297, 1.392351876387245, 1.3893585644163993], "val_f1": [0.39362225558549296, 0.36176880501441916, 0.38414826365349536, 0.3813246021033074, 0.3791692157077597, 0.3854186986081363, 0.4012565621448905, 0.3848448338833799, 0.3839654100799001, 0.38408358105994195, 0.40888087307483806, 0.3998896933810603, 0.4110947282863595, 0.39342961134835686, 0.40456285750278576, 0.4031788541749828, 0.4037317700538305, 0.4058718535453661, 0.4092913228720148, 0.41110014531365074, 0.40628556266056975, 0.4064192650861609, 0.4118353308373727, 0.4093053898991968, 0.4091104456677778, 0.41353703180301765, 0.4160377435222338, 0.40683682833734736, 0.410229551894429, 0.40937886010916463]}