{"epoch": [1, 2, 3, 4, 5, 6, 7, 8, 9, 10, 11, 12, 13, 14, 15, 16, 17, 18, 19, 20, 21, 22, 23, 24, 25, 26, 27, 28, 29, 30], "train_loss": [1.0120571086312629, 0.702469564400755, 0.5927465239655161, 0.5188178766593207, 0.4597721189361987, 0.41059930859148985, 0.3635339269039267, 0.3341626900999887, 0.3029990321044144, 0.2800119874710363, 0.2591673642861826, 0.24270177184340938, 0.22950723613482582, 0.20706279946145636, 0.19159093185418918, 0.18386330435254855, 0.17118259992074672, 0.16225219073894837, 0.149570025352361, 0.13633771583623264, 0.129933951737143, 0.12861162707429138, 0.11691464821210286, 0.1081899293084598, 0.09727913651314585, 0.09361773610477886, 0.08643221123494492, 0.08333083959883253, 0.08552396906618275, 0.08130584527284096], "train_acc": [0.6306945411437066, 0.7487345464125097, 0.7902828218203715, 0.8178875863236926, 0.8368176429633254, 0.8562369455996086, 0.8726078693336846, 0.883220744030258, 0.8956588826374122, 0.903204561278061, 0.9107502399187098, 0.9173926951809269, 0.9195943021658544, 0.928269010029543, 0.9347609280620214, 0.9370189865081008, 0.9416291891688463, 0.9457689629866587, 0.9485727188905406, 0.953916790546262, 0.9551022712304537, 0.9559490431477334, 0.9600323655043939, 0.9631748301751877, 0.9677473985284986, 0.968349547447453, 0.9710027661215964, 0.971435560657095, 0.9707581431232711, 0.972978567261916], "val_loss": [0.7803458656525833, 0.7433815667833139, 0.7003961677676435, 0.6859221029998285, 0.6104483949492081, 0.5906955169076944, 0.624299372807082, 0.5940601387334818, 0.6087386868193834, 0.553874616512901, 0.592077572458281, 0.5380666082310132, 0.508183709339607, 0.5513780396636717, 0.516980223394268, 0.5282232364149138, 0.5086595037042034, 0.5011593422200294, 0.5092212327752045, 0.47493398942551707, 0.5194661320479718, 0.48823448392317315, 0.5044081119121786, 0.49610567013532, 0.48053221684785136, 0.515384647247652, 0.5016845658913596, 0.48956565779715044, 0.48672628519421, 0.49132588110567654], "val_f1": [0.6444338630354648, 0.6616788973477549, 0.6599985467237637, 0.6814815693274169, 0.7276711968555328, 0.7314100959360693, 0.7162681968546801, 0.7137719947237636, 0.7224581499224576, 0.756655837517567, 0.7235407624330974, 0.7649706128276922, 0.7880404810173538, 0.7711763234643098, 0.7827136207853244, 0.7706697271493014, 0.7974024040083961, 0.778046605392138, 0.7995492485875616, 0.8094251605485117, 0.7911189706864854, 0.8069102814279805, 0.8001277387194108, 0.8118580458543918, 0.8139998232679598, 0.8112463590850522, 0.8129272295720515, 0.8097748710811427, 0.8111076248285444, 0.8119189933614744]}