{"epoch": [1, 2, 3, 4, 5, 6, 7, 8, 9, 10, 11, 12, 13, 14, 15, 16, 17, 18, 19, 20, 21, 22, 23, 24, 25, 26, 27, 28, 29, 30], "train_loss": [1.32743922178839, 1.1828776995221346, 1.1329395318779187, 1.1032057881586332, 1.0793594769606207, 1.0531997613480835, 1.0458254641434341, 1.0186426751424247, 1.0088307151360514, 0.9934223119469568, 0.9814347098169922, 0.9724320403682951, 0.9574452657782851, 0.9396971476573103, 0.9363649330955139, 0.93606005649609, 0.9133394381841287, 0.9092289044368774, 0.9097088326897379, 0.8911921745065065, 0.8867176503709645, 0.8807152124198929, 0.8713719857727613, 0.8734774483626853, 0.8645562397496709, 0.8592849935016098, 0.8713351335868809, 0.8605234967406754, 0.8564327389504879, 0.8551675078292055], "train_acc": [0.528592665073481, 0.5723049131588356, 0.5897672318085166, 0.5995521517415275, 0.607361270534219, 0.6142107144873267, 0.6207779011346743, 0.6271569162448488, 0.6320493762113543, 0.6401219351560883, 0.6408934384584988, 0.6459364356547429, 0.6504901868543365, 0.6558342585100577, 0.6602374724799127, 0.6597105921758275, 0.6662965959768925, 0.6669928306644337, 0.6694014263402518, 0.6765519447528366, 0.6767589334437273, 0.6784336601245695, 0.6818583821011234, 0.6805599984946277, 0.6846245036975707, 0.6834766573208136, 0.6824417138663605, 0.6853395555388292, 0.6878046026757992, 0.6875411625237566], "val_loss": [1.3261735443136229, 1.3005660351003054, 1.3284239871334362, 1.27720158600787, 1.2940681476294238, 1.221583630895332, 1.2459198074962605, 1.247610708760771, 1.2351599761735172, 1.2686795627132097, 1.2502750819260342, 1.2826156577046497, 1.1763004753571462, 1.2463951092065138, 1.2287391318798468, 1.2222841887833404, 1.2116099061449133, 1.232082085807277, 1.213433782394209, 1.2026790362510713, 1.1996060460831128, 1.229614807709509, 1.214356119990046, 1.194112557904585, 1.1960508393191565, 1.1990063266568423, 1.1980668567783443, 1.2001045302755242, 1.2017550132317023, 1.1904745653259057], "val_f1": [0.473898643905128, 0.4880456555575567, 0.47282190165009974, 0.4919367496274774, 0.4771739305854329, 0.5095289574000508, 0.4896902403941324, 0.4951742092452619, 0.4904788258244213, 0.482317759694314, 0.4994213499999733, 0.47393535642307416, 0.5133566553233719, 0.5056982650978614, 0.5001075448391501, 0.5045441010395116, 0.5030949045673762, 0.5053269123843963, 0.5052034916238195, 0.5125755457128383, 0.5133266169577395, 0.509024788372906, 0.5098617050618333, 0.5170834635525118, 0.5119569627156909, 0.5094467074025376, 0.5070050717825372, 0.5097817619423257, 0.5118221938247602, 0.518627689689271]}